{
  "tui": {
    "enabled": false
  },
  "defaultBase": "main",
  "namedInputs": {
    "sharedGlobals": [],
    "default": ["{projectRoot}/**/*", "sharedGlobals"],
    "production": [
      "default",
      "!{projectRoot}/tsconfig.spec.json",
      "!{projectRoot}/**/*.spec.[jt]s",
      "!{projectRoot}/**/?(*.)+(spec|test).[jt]s?(x)?(.snap)"
    ]
  },
  "targetDefaults": {
    "build": {
      "dependsOn": ["^build"],
      "inputs": ["production", "^production"],
      "cache": true
    },
    "@nx/vitest:test": {
      "cache": true,
      "inputs": ["default", "^production"]
    }
  },
  "defaultProject": "interview",
  "plugins": [
    {
      "plugin": "@nx/playwright/plugin",
      "options": {
        "targetName": "e2e"
      }
    }
  ]
}
